node_names,node_coords
root;0;4;15;18;26;34;51;148;197,"(0.01,0.01);(1,1);(2,1);(3,1);(4,1);(5,1);(6,1);(7,1);(8,1);(9,1)"
root;0;4;15;18;26;34;51;148;198,"(0.01,0.01);(1,1);(2,1);(3,1);(4,1);(5,1);(6,1);(7,1);(8,1);(8,0)"
root;0;4;15;18;26;34;51;149;241;255,"(0.01,0.01);(1,1);(2,1);(3,1);(4,1);(5,1);(6,1);(7,1);(7,0);(7,-1);(8,-1)"
root;0;4;15;18;26;34;51;149;241;256,"(0.01,0.01);(1,1);(2,1);(3,1);(4,1);(5,1);(6,1);(7,1);(7,0);(7,-1);(7,-2)"
root;0;4;15;18;26;34;52;80,"(0.01,0.01);(1,1);(2,1);(3,1);(4,1);(5,1);(6,1);(6,2);(7,2)"
root;0;4;15;18;26;34;52;81;89,"(0.01,0.01);(1,1);(2,1);(3,1);(4,1);(5,1);(6,1);(6,2);(6,3);(5,3)"
root;0;4;15;18;26;34;52;81;90;104;171,"(0.01,0.01);(1,1);(2,1);(3,1);(4,1);(5,1);(6,1);(6,2);(6,3);(7,3);(8,3);(9,3)"
root;0;4;15;18;26;34;52;81;90;104;172,"(0.01,0.01);(1,1);(2,1);(3,1);(4,1);(5,1);(6,1);(6,2);(6,3);(7,3);(8,3);(8,4)"
root;0;4;15;18;26;34;52;81;90;104;173,"(0.01,0.01);(1,1);(2,1);(3,1);(4,1);(5,1);(6,1);(6,2);(6,3);(7,3);(8,3);(8,2)"
root;0;4;15;18;26;34;52;81;90;105,"(0.01,0.01);(1,1);(2,1);(3,1);(4,1);(5,1);(6,1);(6,2);(6,3);(7,3);(7,4)"
root;0;4;15;18;26;34;52;81;91,"(0.01,0.01);(1,1);(2,1);(3,1);(4,1);(5,1);(6,1);(6,2);(6,3);(6,4)"
root;0;4;15;18;26;34;53,"(0.01,0.01);(1,1);(2,1);(3,1);(4,1);(5,1);(6,1);(6,0)"
root;0;4;15;18;26;35,"(0.01,0.01);(1,1);(2,1);(3,1);(4,1);(5,1);(5,2)"
root;0;4;15;18;26;36;64;94;139,"(0.01,0.01);(1,1);(2,1);(3,1);(4,1);(5,1);(5,0);(5,-1);(4,-1);(3,-1)"
root;0;4;15;18;26;36;64;95,"(0.01,0.01);(1,1);(2,1);(3,1);(4,1);(5,1);(5,0);(5,-1);(6,-1)"
root;0;4;15;18;26;36;64;96;110,"(0.01,0.01);(1,1);(2,1);(3,1);(4,1);(5,1);(5,0);(5,-1);(5,-2);(4,-2)"
root;0;4;15;18;26;36;64;96;111,"(0.01,0.01);(1,1);(2,1);(3,1);(4,1);(5,1);(5,0);(5,-1);(5,-2);(6,-2)"
root;0;4;15;18;26;36;64;96;112;134;270,"(0.01,0.01);(1,1);(2,1);(3,1);(4,1);(5,1);(5,0);(5,-1);(5,-2);(5,-3);(4,-3);(3,-3)"
root;0;4;15;18;26;36;64;96;112;135,"(0.01,0.01);(1,1);(2,1);(3,1);(4,1);(5,1);(5,0);(5,-1);(5,-2);(5,-3);(6,-3)"
root;0;4;15;18;26;36;64;96;112;136;180,"(0.01,0.01);(1,1);(2,1);(3,1);(4,1);(5,1);(5,0);(5,-1);(5,-2);(5,-3);(5,-4);(4,-4)"
root;0;4;15;18;26;36;64;96;112;136;181,"(0.01,0.01);(1,1);(2,1);(3,1);(4,1);(5,1);(5,0);(5,-1);(5,-2);(5,-3);(5,-4);(6,-4)"
root;0;4;15;18;26;36;64;96;112;136;182;219,"(0.01,0.01);(1,1);(2,1);(3,1);(4,1);(5,1);(5,0);(5,-1);(5,-2);(5,-3);(5,-4);(5,-5);(4,-5)"
root;0;4;15;18;26;36;64;96;112;136;182;220,"(0.01,0.01);(1,1);(2,1);(3,1);(4,1);(5,1);(5,0);(5,-1);(5,-2);(5,-3);(5,-4);(5,-5);(6,-5)"
root;0;4;15;18;26;36;64;96;112;136;182;221,"(0.01,0.01);(1,1);(2,1);(3,1);(4,1);(5,1);(5,0);(5,-1);(5,-2);(5,-3);(5,-4);(5,-5);(5,-6)"
root;0;4;15;18;27,"(0.01,0.01);(1,1);(2,1);(3,1);(4,1);(4,2)"
root;0;4;15;18;28,"(0.01,0.01);(1,1);(2,1);(3,1);(4,1);(4,0)"
root;0;4;15;19;37;122,"(0.01,0.01);(1,1);(2,1);(3,1);(3,2);(3,3);(2,3)"
root;0;4;15;19;37;123,"(0.01,0.01);(1,1);(2,1);(3,1);(3,2);(3,3);(4,3)"
root;0;4;15;19;37;124;143;167,"(0.01,0.01);(1,1);(2,1);(3,1);(3,2);(3,3);(3,4);(2,4);(1,4)"
root;0;4;15;19;37;124;143;168;201,"(0.01,0.01);(1,1);(2,1);(3,1);(3,2);(3,3);(3,4);(2,4);(2,5);(1,5)"
root;0;4;15;19;37;124;143;168;202,"(0.01,0.01);(1,1);(2,1);(3,1);(3,2);(3,3);(3,4);(2,4);(2,5);(2,6)"
root;0;4;15;19;37;124;144,"(0.01,0.01);(1,1);(2,1);(3,1);(3,2);(3,3);(3,4);(4,4)"
root;0;4;15;19;37;124;145;169;195;222;245;277;307,"(0.01,0.01);(1,1);(2,1);(3,1);(3,2);(3,3);(3,4);(3,5);(4,5);(5,5);(6,5);(7,5);(8,5);(9,5)"
root;0;4;15;19;37;124;145;169;195;222;245;277;308,"(0.01,0.01);(1,1);(2,1);(3,1);(3,2);(3,3);(3,4);(3,5);(4,5);(5,5);(6,5);(7,5);(8,5);(8,6)"
root;0;4;15;19;37;124;145;169;195;222;245;278,"(0.01,0.01);(1,1);(2,1);(3,1);(3,2);(3,3);(3,4);(3,5);(4,5);(5,5);(6,5);(7,5);(7,6)"
root;0;4;15;19;37;124;145;169;195;222;246,"(0.01,0.01);(1,1);(2,1);(3,1);(3,2);(3,3);(3,4);(3,5);(4,5);(5,5);(6,5);(6,6)"
root;0;4;15;19;37;124;145;169;195;223,"(0.01,0.01);(1,1);(2,1);(3,1);(3,2);(3,3);(3,4);(3,5);(4,5);(5,5);(5,6)"
root;0;4;15;19;37;124;145;169;195;224,"(0.01,0.01);(1,1);(2,1);(3,1);(3,2);(3,3);(3,4);(3,5);(4,5);(5,5);(5,4)"
root;0;4;15;19;37;124;145;169;196,"(0.01,0.01);(1,1);(2,1);(3,1);(3,2);(3,3);(3,4);(3,5);(4,5);(4,6)"
root;0;4;15;19;37;124;145;170,"(0.01,0.01);(1,1);(2,1);(3,1);(3,2);(3,3);(3,4);(3,5);(3,6)"
root;0;4;15;20,"(0.01,0.01);(1,1);(2,1);(3,1);(3,0)"
root;0;4;16,"(0.01,0.01);(1,1);(2,1);(2,2)"
root;0;4;17;210,"(0.01,0.01);(1,1);(2,1);(2,0);(2,-1)"
root;0;5,"(0.01,0.01);(1,1);(1,2)"
root;1,"(0.01,0.01);(1,0)"
root;2;6;8;21;29;31;38;45;54;69;76;84;113;146;176;203;230,"(0.01,0.01);(0,1);(-1,1);(-2,1);(-3,1);(-4,1);(-5,1);(-6,1);(-7,1);(-8,1);(-9,1);(-10,1);(-11,1);(-12,1);(-13,1);(-14,1);(-15,1);(-16,1)"
root;2;6;8;21;29;31;38;45;54;69;76;84;113;146;176;203;231;266,"(0.01,0.01);(0,1);(-1,1);(-2,1);(-3,1);(-4,1);(-5,1);(-6,1);(-7,1);(-8,1);(-9,1);(-10,1);(-11,1);(-12,1);(-13,1);(-14,1);(-15,1);(-15,0);(-16,0)"
root;2;6;8;21;29;31;38;45;54;69;76;84;113;146;176;203;231;267,"(0.01,0.01);(0,1);(-1,1);(-2,1);(-3,1);(-4,1);(-5,1);(-6,1);(-7,1);(-8,1);(-9,1);(-10,1);(-11,1);(-12,1);(-13,1);(-14,1);(-15,1);(-15,0);(-15,-1)"
root;2;6;8;21;29;31;38;45;54;69;76;84;113;146;176;204,"(0.01,0.01);(0,1);(-1,1);(-2,1);(-3,1);(-4,1);(-5,1);(-6,1);(-7,1);(-8,1);(-9,1);(-10,1);(-11,1);(-12,1);(-13,1);(-14,1);(-14,0)"
root;2;6;8;21;29;31;38;45;54;69;76;84;113;146;177,"(0.01,0.01);(0,1);(-1,1);(-2,1);(-3,1);(-4,1);(-5,1);(-6,1);(-7,1);(-8,1);(-9,1);(-10,1);(-11,1);(-12,1);(-13,1);(-13,0)"
root;2;6;8;21;29;31;38;45;54;69;76;84;113;147,"(0.01,0.01);(0,1);(-1,1);(-2,1);(-3,1);(-4,1);(-5,1);(-6,1);(-7,1);(-8,1);(-9,1);(-10,1);(-11,1);(-12,1);(-12,0)"
root;2;6;8;21;29;31;38;45;54;69;76;84;114;137;152;174;189,"(0.01,0.01);(0,1);(-1,1);(-2,1);(-3,1);(-4,1);(-5,1);(-6,1);(-7,1);(-8,1);(-9,1);(-10,1);(-11,1);(-11,2);(-12,2);(-13,2);(-14,2);(-15,2)"
root;2;6;8;21;29;31;38;45;54;69;76;84;114;137;152;174;190;211;228,"(0.01,0.01);(0,1);(-1,1);(-2,1);(-3,1);(-4,1);(-5,1);(-6,1);(-7,1);(-8,1);(-9,1);(-10,1);(-11,1);(-11,2);(-12,2);(-13,2);(-14,2);(-14,3);(-15,3);(-16,3)"
root;2;6;8;21;29;31;38;45;54;69;76;84;114;137;152;174;190;211;229;242;259,"(0.01,0.01);(0,1);(-1,1);(-2,1);(-3,1);(-4,1);(-5,1);(-6,1);(-7,1);(-8,1);(-9,1);(-10,1);(-11,1);(-11,2);(-12,2);(-13,2);(-14,2);(-14,3);(-15,3);(-15,4);(-16,4);(-17,4)"
root;2;6;8;21;29;31;38;45;54;69;76;84;114;137;152;174;190;211;229;242;260;288,"(0.01,0.01);(0,1);(-1,1);(-2,1);(-3,1);(-4,1);(-5,1);(-6,1);(-7,1);(-8,1);(-9,1);(-10,1);(-11,1);(-11,2);(-12,2);(-13,2);(-14,2);(-14,3);(-15,3);(-15,4);(-16,4);(-16,5);(-17,5)"
root;2;6;8;21;29;31;38;45;54;69;76;84;114;137;152;174;190;211;229;242;260;289;299,"(0.01,0.01);(0,1);(-1,1);(-2,1);(-3,1);(-4,1);(-5,1);(-6,1);(-7,1);(-8,1);(-9,1);(-10,1);(-11,1);(-11,2);(-12,2);(-13,2);(-14,2);(-14,3);(-15,3);(-15,4);(-16,4);(-16,5);(-16,6);(-17,6)"
root;2;6;8;21;29;31;38;45;54;69;76;84;114;137;152;174;190;211;229;242;260;289;300,"(0.01,0.01);(0,1);(-1,1);(-2,1);(-3,1);(-4,1);(-5,1);(-6,1);(-7,1);(-8,1);(-9,1);(-10,1);(-11,1);(-11,2);(-12,2);(-13,2);(-14,2);(-14,3);(-15,3);(-15,4);(-16,4);(-16,5);(-16,6);(-15,6)"
root;2;6;8;21;29;31;38;45;54;69;76;84;114;137;152;174;190;211;229;242;260;289;301;317;327;333;340;346,"(0.01,0.01);(0,1);(-1,1);(-2,1);(-3,1);(-4,1);(-5,1);(-6,1);(-7,1);(-8,1);(-9,1);(-10,1);(-11,1);(-11,2);(-12,2);(-13,2);(-14,2);(-14,3);(-15,3);(-15,4);(-16,4);(-16,5);(-16,6);(-16,7);(-17,7);(-18,7);(-19,7);(-20,7);(-21,7)"
root;2;6;8;21;29;31;38;45;54;69;76;84;114;137;152;174;190;211;229;242;260;289;301;317;327;333;340;347,"(0.01,0.01);(0,1);(-1,1);(-2,1);(-3,1);(-4,1);(-5,1);(-6,1);(-7,1);(-8,1);(-9,1);(-10,1);(-11,1);(-11,2);(-12,2);(-13,2);(-14,2);(-14,3);(-15,3);(-15,4);(-16,4);(-16,5);(-16,6);(-16,7);(-17,7);(-18,7);(-19,7);(-20,7);(-20,8)"
root;2;6;8;21;29;31;38;45;54;69;76;84;114;137;152;174;190;211;229;242;260;289;301;317;327;333;340;348,"(0.01,0.01);(0,1);(-1,1);(-2,1);(-3,1);(-4,1);(-5,1);(-6,1);(-7,1);(-8,1);(-9,1);(-10,1);(-11,1);(-11,2);(-12,2);(-13,2);(-14,2);(-14,3);(-15,3);(-15,4);(-16,4);(-16,5);(-16,6);(-16,7);(-17,7);(-18,7);(-19,7);(-20,7);(-20,6)"
root;2;6;8;21;29;31;38;45;54;69;76;84;114;137;152;174;190;211;229;242;260;289;301;317;327;333;341,"(0.01,0.01);(0,1);(-1,1);(-2,1);(-3,1);(-4,1);(-5,1);(-6,1);(-7,1);(-8,1);(-9,1);(-10,1);(-11,1);(-11,2);(-12,2);(-13,2);(-14,2);(-14,3);(-15,3);(-15,4);(-16,4);(-16,5);(-16,6);(-16,7);(-17,7);(-18,7);(-19,7);(-19,8)"
root;2;6;8;21;29;31;38;45;54;69;76;84;114;137;152;174;190;211;229;242;260;289;301;317;327;333;342,"(0.01,0.01);(0,1);(-1,1);(-2,1);(-3,1);(-4,1);(-5,1);(-6,1);(-7,1);(-8,1);(-9,1);(-10,1);(-11,1);(-11,2);(-12,2);(-13,2);(-14,2);(-14,3);(-15,3);(-15,4);(-16,4);(-16,5);(-16,6);(-16,7);(-17,7);(-18,7);(-19,7);(-19,6)"
root;2;6;8;21;29;31;38;45;54;69;76;84;114;137;152;174;190;211;229;242;260;289;301;317;327;334,"(0.01,0.01);(0,1);(-1,1);(-2,1);(-3,1);(-4,1);(-5,1);(-6,1);(-7,1);(-8,1);(-9,1);(-10,1);(-11,1);(-11,2);(-12,2);(-13,2);(-14,2);(-14,3);(-15,3);(-15,4);(-16,4);(-16,5);(-16,6);(-16,7);(-17,7);(-18,7);(-18,8)"
root;2;6;8;21;29;31;38;45;54;69;76;84;114;137;152;174;190;211;229;242;260;289;301;317;327;335,"(0.01,0.01);(0,1);(-1,1);(-2,1);(-3,1);(-4,1);(-5,1);(-6,1);(-7,1);(-8,1);(-9,1);(-10,1);(-11,1);(-11,2);(-12,2);(-13,2);(-14,2);(-14,3);(-15,3);(-15,4);(-16,4);(-16,5);(-16,6);(-16,7);(-17,7);(-18,7);(-18,6)"
root;2;6;8;21;29;31;38;45;54;69;76;84;114;137;152;174;190;211;229;242;260;289;301;317;328,"(0.01,0.01);(0,1);(-1,1);(-2,1);(-3,1);(-4,1);(-5,1);(-6,1);(-7,1);(-8,1);(-9,1);(-10,1);(-11,1);(-11,2);(-12,2);(-13,2);(-14,2);(-14,3);(-15,3);(-15,4);(-16,4);(-16,5);(-16,6);(-16,7);(-17,7);(-17,8)"
root;2;6;8;21;29;31;38;45;54;69;76;84;114;137;152;174;190;211;229;242;260;289;301;318,"(0.01,0.01);(0,1);(-1,1);(-2,1);(-3,1);(-4,1);(-5,1);(-6,1);(-7,1);(-8,1);(-9,1);(-10,1);(-11,1);(-11,2);(-12,2);(-13,2);(-14,2);(-14,3);(-15,3);(-15,4);(-16,4);(-16,5);(-16,6);(-16,7);(-15,7)"
root;2;6;8;21;29;31;38;45;54;69;76;84;114;137;152;174;190;211;229;242;260;289;301;319,"(0.01,0.01);(0,1);(-1,1);(-2,1);(-3,1);(-4,1);(-5,1);(-6,1);(-7,1);(-8,1);(-9,1);(-10,1);(-11,1);(-11,2);(-12,2);(-13,2);(-14,2);(-14,3);(-15,3);(-15,4);(-16,4);(-16,5);(-16,6);(-16,7);(-16,8)"
root;2;6;8;21;29;31;38;45;54;69;76;84;114;137;152;174;190;211;229;243,"(0.01,0.01);(0,1);(-1,1);(-2,1);(-3,1);(-4,1);(-5,1);(-6,1);(-7,1);(-8,1);(-9,1);(-10,1);(-11,1);(-11,2);(-12,2);(-13,2);(-14,2);(-14,3);(-15,3);(-15,4);(-15,5)"
root;2;6;8;21;29;31;38;45;54;69;76;84;114;137;152;174;190;212,"(0.01,0.01);(0,1);(-1,1);(-2,1);(-3,1);(-4,1);(-5,1);(-6,1);(-7,1);(-8,1);(-9,1);(-10,1);(-11,1);(-11,2);(-12,2);(-13,2);(-14,2);(-14,3);(-14,4)"
root;2;6;8;21;29;31;38;45;54;69;76;84;114;137;152;175,"(0.01,0.01);(0,1);(-1,1);(-2,1);(-3,1);(-4,1);(-5,1);(-6,1);(-7,1);(-8,1);(-9,1);(-10,1);(-11,1);(-11,2);(-12,2);(-13,2);(-13,3)"
root;2;6;8;21;29;31;38;45;54;69;76;84;114;137;153,"(0.01,0.01);(0,1);(-1,1);(-2,1);(-3,1);(-4,1);(-5,1);(-6,1);(-7,1);(-8,1);(-9,1);(-10,1);(-11,1);(-11,2);(-12,2);(-12,3)"
root;2;6;8;21;29;31;38;45;54;69;76;84;114;138,"(0.01,0.01);(0,1);(-1,1);(-2,1);(-3,1);(-4,1);(-5,1);(-6,1);(-7,1);(-8,1);(-9,1);(-10,1);(-11,1);(-11,2);(-11,3)"
root;2;6;8;21;29;31;38;45;54;69;76;85,"(0.01,0.01);(0,1);(-1,1);(-2,1);(-3,1);(-4,1);(-5,1);(-6,1);(-7,1);(-8,1);(-9,1);(-10,1);(-10,2)"
root;2;6;8;21;29;31;38;45;54;69;76;86;108,"(0.01,0.01);(0,1);(-1,1);(-2,1);(-3,1);(-4,1);(-5,1);(-6,1);(-7,1);(-8,1);(-9,1);(-10,1);(-10,0);(-11,0)"
root;2;6;8;21;29;31;38;45;54;69;76;86;109;133;154;179;193,"(0.01,0.01);(0,1);(-1,1);(-2,1);(-3,1);(-4,1);(-5,1);(-6,1);(-7,1);(-8,1);(-9,1);(-10,1);(-10,0);(-10,-1);(-11,-1);(-12,-1);(-13,-1);(-14,-1)"
root;2;6;8;21;29;31;38;45;54;69;76;86;109;133;154;179;194;215;234,"(0.01,0.01);(0,1);(-1,1);(-2,1);(-3,1);(-4,1);(-5,1);(-6,1);(-7,1);(-8,1);(-9,1);(-10,1);(-10,0);(-10,-1);(-11,-1);(-12,-1);(-13,-1);(-13,-2);(-14,-2);(-15,-2)"
root;2;6;8;21;29;31;38;45;54;69;76;86;109;133;154;179;194;215;235;247;268,"(0.01,0.01);(0,1);(-1,1);(-2,1);(-3,1);(-4,1);(-5,1);(-6,1);(-7,1);(-8,1);(-9,1);(-10,1);(-10,0);(-10,-1);(-11,-1);(-12,-1);(-13,-1);(-13,-2);(-14,-2);(-14,-3);(-15,-3);(-16,-3)"
root;2;6;8;21;29;31;38;45;54;69;76;86;109;133;154;179;194;215;235;247;269;297;329,"(0.01,0.01);(0,1);(-1,1);(-2,1);(-3,1);(-4,1);(-5,1);(-6,1);(-7,1);(-8,1);(-9,1);(-10,1);(-10,0);(-10,-1);(-11,-1);(-12,-1);(-13,-1);(-13,-2);(-14,-2);(-14,-3);(-15,-3);(-15,-4);(-16,-4);(-17,-4)"
root;2;6;8;21;29;31;38;45;54;69;76;86;109;133;154;179;194;215;235;247;269;297;330,"(0.01,0.01);(0,1);(-1,1);(-2,1);(-3,1);(-4,1);(-5,1);(-6,1);(-7,1);(-8,1);(-9,1);(-10,1);(-10,0);(-10,-1);(-11,-1);(-12,-1);(-13,-1);(-13,-2);(-14,-2);(-14,-3);(-15,-3);(-15,-4);(-16,-4);(-16,-5)"
root;2;6;8;21;29;31;38;45;54;69;76;86;109;133;154;179;194;215;235;248;275,"(0.01,0.01);(0,1);(-1,1);(-2,1);(-3,1);(-4,1);(-5,1);(-6,1);(-7,1);(-8,1);(-9,1);(-10,1);(-10,0);(-10,-1);(-11,-1);(-12,-1);(-13,-1);(-13,-2);(-14,-2);(-14,-3);(-14,-4);(-13,-4)"
root;2;6;8;21;29;31;38;45;54;69;76;86;109;133;154;179;194;215;235;248;276;292,"(0.01,0.01);(0,1);(-1,1);(-2,1);(-3,1);(-4,1);(-5,1);(-6,1);(-7,1);(-8,1);(-9,1);(-10,1);(-10,0);(-10,-1);(-11,-1);(-12,-1);(-13,-1);(-13,-2);(-14,-2);(-14,-3);(-14,-4);(-14,-5);(-15,-5)"
root;2;6;8;21;29;31;38;45;54;69;76;86;109;133;154;179;194;215;235;248;276;293,"(0.01,0.01);(0,1);(-1,1);(-2,1);(-3,1);(-4,1);(-5,1);(-6,1);(-7,1);(-8,1);(-9,1);(-10,1);(-10,0);(-10,-1);(-11,-1);(-12,-1);(-13,-1);(-13,-2);(-14,-2);(-14,-3);(-14,-4);(-14,-5);(-13,-5)"
root;2;6;8;21;29;31;38;45;54;69;76;86;109;133;154;179;194;215;235;248;276;294,"(0.01,0.01);(0,1);(-1,1);(-2,1);(-3,1);(-4,1);(-5,1);(-6,1);(-7,1);(-8,1);(-9,1);(-10,1);(-10,0);(-10,-1);(-11,-1);(-12,-1);(-13,-1);(-13,-2);(-14,-2);(-14,-3);(-14,-4);(-14,-5);(-14,-6)"
root;2;6;8;21;29;31;38;45;54;69;76;86;109;133;154;179;194;216,"(0.01,0.01);(0,1);(-1,1);(-2,1);(-3,1);(-4,1);(-5,1);(-6,1);(-7,1);(-8,1);(-9,1);(-10,1);(-10,0);(-10,-1);(-11,-1);(-12,-1);(-13,-1);(-13,-2);(-13,-3)"
root;2;6;8;21;29;31;38;45;54;69;77;98;120,"(0.01,0.01);(0,1);(-1,1);(-2,1);(-3,1);(-4,1);(-5,1);(-6,1);(-7,1);(-8,1);(-9,1);(-9,0);(-9,-1);(-8,-1)"
root;2;6;8;21;29;31;38;45;54;69;77;98;121;126;150;164,"(0.01,0.01);(0,1);(-1,1);(-2,1);(-3,1);(-4,1);(-5,1);(-6,1);(-7,1);(-8,1);(-9,1);(-9,0);(-9,-1);(-9,-2);(-10,-2);(-11,-2);(-12,-2)"
root;2;6;8;21;29;31;38;45;54;69;77;98;121;126;150;165;183,"(0.01,0.01);(0,1);(-1,1);(-2,1);(-3,1);(-4,1);(-5,1);(-6,1);(-7,1);(-8,1);(-9,1);(-9,0);(-9,-1);(-9,-2);(-10,-2);(-11,-2);(-11,-3);(-12,-3)"
root;2;6;8;21;29;31;38;45;54;69;77;98;121;126;150;165;184;205,"(0.01,0.01);(0,1);(-1,1);(-2,1);(-3,1);(-4,1);(-5,1);(-6,1);(-7,1);(-8,1);(-9,1);(-9,0);(-9,-1);(-9,-2);(-10,-2);(-11,-2);(-11,-3);(-11,-4);(-12,-4)"
root;2;6;8;21;29;31;38;45;54;69;77;98;121;126;150;165;184;206,"(0.01,0.01);(0,1);(-1,1);(-2,1);(-3,1);(-4,1);(-5,1);(-6,1);(-7,1);(-8,1);(-9,1);(-9,0);(-9,-1);(-9,-2);(-10,-2);(-11,-2);(-11,-3);(-11,-4);(-10,-4)"
root;2;6;8;21;29;31;38;45;54;69;77;98;121;126;150;165;184;207;236,"(0.01,0.01);(0,1);(-1,1);(-2,1);(-3,1);(-4,1);(-5,1);(-6,1);(-7,1);(-8,1);(-9,1);(-9,0);(-9,-1);(-9,-2);(-10,-2);(-11,-2);(-11,-3);(-11,-4);(-11,-5);(-12,-5)"
root;2;6;8;21;29;31;38;45;54;69;77;98;121;126;150;165;184;207;237,"(0.01,0.01);(0,1);(-1,1);(-2,1);(-3,1);(-4,1);(-5,1);(-6,1);(-7,1);(-8,1);(-9,1);(-9,0);(-9,-1);(-9,-2);(-10,-2);(-11,-2);(-11,-3);(-11,-4);(-11,-5);(-10,-5)"
root;2;6;8;21;29;31;38;45;54;69;77;98;121;126;150;165;184;207;238;252;271,"(0.01,0.01);(0,1);(-1,1);(-2,1);(-3,1);(-4,1);(-5,1);(-6,1);(-7,1);(-8,1);(-9,1);(-9,0);(-9,-1);(-9,-2);(-10,-2);(-11,-2);(-11,-3);(-11,-4);(-11,-5);(-11,-6);(-12,-6);(-13,-6)"
root;2;6;8;21;29;31;38;45;54;69;77;98;121;126;150;165;184;207;238;252;272;295,"(0.01,0.01);(0,1);(-1,1);(-2,1);(-3,1);(-4,1);(-5,1);(-6,1);(-7,1);(-8,1);(-9,1);(-9,0);(-9,-1);(-9,-2);(-10,-2);(-11,-2);(-11,-3);(-11,-4);(-11,-5);(-11,-6);(-12,-6);(-12,-7);(-13,-7)"
root;2;6;8;21;29;31;38;45;54;69;77;98;121;126;150;165;184;207;238;252;272;296;311,"(0.01,0.01);(0,1);(-1,1);(-2,1);(-3,1);(-4,1);(-5,1);(-6,1);(-7,1);(-8,1);(-9,1);(-9,0);(-9,-1);(-9,-2);(-10,-2);(-11,-2);(-11,-3);(-11,-4);(-11,-5);(-11,-6);(-12,-6);(-12,-7);(-12,-8);(-13,-8)"
root;2;6;8;21;29;31;38;45;54;69;77;98;121;126;150;165;184;207;238;252;272;296;312,"(0.01,0.01);(0,1);(-1,1);(-2,1);(-3,1);(-4,1);(-5,1);(-6,1);(-7,1);(-8,1);(-9,1);(-9,0);(-9,-1);(-9,-2);(-10,-2);(-11,-2);(-11,-3);(-11,-4);(-11,-5);(-11,-6);(-12,-6);(-12,-7);(-12,-8);(-11,-8)"
root;2;6;8;21;29;31;38;45;54;69;77;98;121;126;150;165;184;207;238;252;272;296;313;321,"(0.01,0.01);(0,1);(-1,1);(-2,1);(-3,1);(-4,1);(-5,1);(-6,1);(-7,1);(-8,1);(-9,1);(-9,0);(-9,-1);(-9,-2);(-10,-2);(-11,-2);(-11,-3);(-11,-4);(-11,-5);(-11,-6);(-12,-6);(-12,-7);(-12,-8);(-12,-9);(-13,-9)"
root;2;6;8;21;29;31;38;45;54;69;77;98;121;126;150;165;184;207;238;252;272;296;313;322,"(0.01,0.01);(0,1);(-1,1);(-2,1);(-3,1);(-4,1);(-5,1);(-6,1);(-7,1);(-8,1);(-9,1);(-9,0);(-9,-1);(-9,-2);(-10,-2);(-11,-2);(-11,-3);(-11,-4);(-11,-5);(-11,-6);(-12,-6);(-12,-7);(-12,-8);(-12,-9);(-11,-9)"
root;2;6;8;21;29;31;38;45;54;69;77;98;121;126;150;165;184;207;238;252;272;296;313;323,"(0.01,0.01);(0,1);(-1,1);(-2,1);(-3,1);(-4,1);(-5,1);(-6,1);(-7,1);(-8,1);(-9,1);(-9,0);(-9,-1);(-9,-2);(-10,-2);(-11,-2);(-11,-3);(-11,-4);(-11,-5);(-11,-6);(-12,-6);(-12,-7);(-12,-8);(-12,-9);(-12,-10)"
root;2;6;8;21;29;31;38;45;54;69;77;98;121;126;150;165;184;207;238;253;286;314,"(0.01,0.01);(0,1);(-1,1);(-2,1);(-3,1);(-4,1);(-5,1);(-6,1);(-7,1);(-8,1);(-9,1);(-9,0);(-9,-1);(-9,-2);(-10,-2);(-11,-2);(-11,-3);(-11,-4);(-11,-5);(-11,-6);(-10,-6);(-9,-6);(-8,-6)"
root;2;6;8;21;29;31;38;45;54;69;77;98;121;126;150;165;184;207;238;253;286;315,"(0.01,0.01);(0,1);(-1,1);(-2,1);(-3,1);(-4,1);(-5,1);(-6,1);(-7,1);(-8,1);(-9,1);(-9,0);(-9,-1);(-9,-2);(-10,-2);(-11,-2);(-11,-3);(-11,-4);(-11,-5);(-11,-6);(-10,-6);(-9,-6);(-9,-5)"
root;2;6;8;21;29;31;38;45;54;69;77;98;121;126;150;165;184;207;238;253;286;316;331,"(0.01,0.01);(0,1);(-1,1);(-2,1);(-3,1);(-4,1);(-5,1);(-6,1);(-7,1);(-8,1);(-9,1);(-9,0);(-9,-1);(-9,-2);(-10,-2);(-11,-2);(-11,-3);(-11,-4);(-11,-5);(-11,-6);(-10,-6);(-9,-6);(-9,-7);(-8,-7)"
root;2;6;8;21;29;31;38;45;54;69;77;98;121;126;150;165;184;207;238;253;286;316;332,"(0.01,0.01);(0,1);(-1,1);(-2,1);(-3,1);(-4,1);(-5,1);(-6,1);(-7,1);(-8,1);(-9,1);(-9,0);(-9,-1);(-9,-2);(-10,-2);(-11,-2);(-11,-3);(-11,-4);(-11,-5);(-11,-6);(-10,-6);(-9,-6);(-9,-7);(-9,-8)"
root;2;6;8;21;29;31;38;45;54;69;77;98;121;126;150;165;184;207;238;253;287,"(0.01,0.01);(0,1);(-1,1);(-2,1);(-3,1);(-4,1);(-5,1);(-6,1);(-7,1);(-8,1);(-9,1);(-9,0);(-9,-1);(-9,-2);(-10,-2);(-11,-2);(-11,-3);(-11,-4);(-11,-5);(-11,-6);(-10,-6);(-10,-7)"
root;2;6;8;21;29;31;38;45;54;69;77;98;121;126;150;165;184;207;238;254,"(0.01,0.01);(0,1);(-1,1);(-2,1);(-3,1);(-4,1);(-5,1);(-6,1);(-7,1);(-8,1);(-9,1);(-9,0);(-9,-1);(-9,-2);(-10,-2);(-11,-2);(-11,-3);(-11,-4);(-11,-5);(-11,-6);(-11,-7)"
root;2;6;8;21;29;31;38;45;54;69;77;98;121;126;151,"(0.01,0.01);(0,1);(-1,1);(-2,1);(-3,1);(-4,1);(-5,1);(-6,1);(-7,1);(-8,1);(-9,1);(-9,0);(-9,-1);(-9,-2);(-10,-2);(-10,-3)"
root;2;6;8;21;29;31;38;45;54;69;77;98;121;127,"(0.01,0.01);(0,1);(-1,1);(-2,1);(-3,1);(-4,1);(-5,1);(-6,1);(-7,1);(-8,1);(-9,1);(-9,0);(-9,-1);(-9,-2);(-8,-2)"
root;2;6;8;21;29;31;38;45;54;69;77;98;121;128;309,"(0.01,0.01);(0,1);(-1,1);(-2,1);(-3,1);(-4,1);(-5,1);(-6,1);(-7,1);(-8,1);(-9,1);(-9,0);(-9,-1);(-9,-2);(-9,-3);(-8,-3)"
root;2;6;8;21;29;31;38;45;54;69;77;98;121;128;310,"(0.01,0.01);(0,1);(-1,1);(-2,1);(-3,1);(-4,1);(-5,1);(-6,1);(-7,1);(-8,1);(-9,1);(-9,0);(-9,-1);(-9,-2);(-9,-3);(-9,-4)"
root;2;6;8;21;29;31;38;45;54;70;72,"(0.01,0.01);(0,1);(-1,1);(-2,1);(-3,1);(-4,1);(-5,1);(-6,1);(-7,1);(-8,1);(-8,2);(-9,2)"
root;2;6;8;21;29;31;38;45;54;70;73;99;166,"(0.01,0.01);(0,1);(-1,1);(-2,1);(-3,1);(-4,1);(-5,1);(-6,1);(-7,1);(-8,1);(-8,2);(-8,3);(-9,3);(-10,3)"
root;2;6;8;21;29;31;38;45;54;70;73;100,"(0.01,0.01);(0,1);(-1,1);(-2,1);(-3,1);(-4,1);(-5,1);(-6,1);(-7,1);(-8,1);(-8,2);(-8,3);(-7,3)"
root;2;6;8;21;29;31;38;45;54;70;73;101;129;162;185;240;244,"(0.01,0.01);(0,1);(-1,1);(-2,1);(-3,1);(-4,1);(-5,1);(-6,1);(-7,1);(-8,1);(-8,2);(-8,3);(-8,4);(-9,4);(-10,4);(-11,4);(-12,4);(-13,4)"
root;2;6;8;21;29;31;38;45;54;70;73;101;129;162;186;199;239;257,"(0.01,0.01);(0,1);(-1,1);(-2,1);(-3,1);(-4,1);(-5,1);(-6,1);(-7,1);(-8,1);(-8,2);(-8,3);(-8,4);(-9,4);(-10,4);(-10,5);(-11,5);(-12,5);(-13,5)"
root;2;6;8;21;29;31;38;45;54;70;73;101;129;162;186;199;239;258;273;290,"(0.01,0.01);(0,1);(-1,1);(-2,1);(-3,1);(-4,1);(-5,1);(-6,1);(-7,1);(-8,1);(-8,2);(-8,3);(-8,4);(-9,4);(-10,4);(-10,5);(-11,5);(-12,5);(-12,6);(-13,6);(-14,6)"
root;2;6;8;21;29;31;38;45;54;70;73;101;129;162;186;199;239;258;273;291;302;320;336,"(0.01,0.01);(0,1);(-1,1);(-2,1);(-3,1);(-4,1);(-5,1);(-6,1);(-7,1);(-8,1);(-8,2);(-8,3);(-8,4);(-9,4);(-10,4);(-10,5);(-11,5);(-12,5);(-12,6);(-13,6);(-13,7);(-14,7);(-14,8);(-15,8)"
root;2;6;8;21;29;31;38;45;54;70;73;101;129;162;186;199;239;258;273;291;302;320;337;343,"(0.01,0.01);(0,1);(-1,1);(-2,1);(-3,1);(-4,1);(-5,1);(-6,1);(-7,1);(-8,1);(-8,2);(-8,3);(-8,4);(-9,4);(-10,4);(-10,5);(-11,5);(-12,5);(-12,6);(-13,6);(-13,7);(-14,7);(-14,8);(-14,9);(-15,9)"
root;2;6;8;21;29;31;38;45;54;70;73;101;129;162;186;199;239;258;273;291;302;320;337;344,"(0.01,0.01);(0,1);(-1,1);(-2,1);(-3,1);(-4,1);(-5,1);(-6,1);(-7,1);(-8,1);(-8,2);(-8,3);(-8,4);(-9,4);(-10,4);(-10,5);(-11,5);(-12,5);(-12,6);(-13,6);(-13,7);(-14,7);(-14,8);(-14,9);(-13,9)"
root;2;6;8;21;29;31;38;45;54;70;73;101;129;162;186;199;239;258;273;291;302;320;337;345,"(0.01,0.01);(0,1);(-1,1);(-2,1);(-3,1);(-4,1);(-5,1);(-6,1);(-7,1);(-8,1);(-8,2);(-8,3);(-8,4);(-9,4);(-10,4);(-10,5);(-11,5);(-12,5);(-12,6);(-13,6);(-13,7);(-14,7);(-14,8);(-14,9);(-14,10)"
root;2;6;8;21;29;31;38;45;54;70;73;101;129;162;186;199;239;258;273;291;303,"(0.01,0.01);(0,1);(-1,1);(-2,1);(-3,1);(-4,1);(-5,1);(-6,1);(-7,1);(-8,1);(-8,2);(-8,3);(-8,4);(-9,4);(-10,4);(-10,5);(-11,5);(-12,5);(-12,6);(-13,6);(-13,7);(-13,8)"
root;2;6;8;21;29;31;38;45;54;70;73;101;129;162;186;199;239;258;274,"(0.01,0.01);(0,1);(-1,1);(-2,1);(-3,1);(-4,1);(-5,1);(-6,1);(-7,1);(-8,1);(-8,2);(-8,3);(-8,4);(-9,4);(-10,4);(-10,5);(-11,5);(-12,5);(-12,6);(-12,7)"
root;2;6;8;21;29;31;38;45;54;70;73;101;129;162;186;200;225,"(0.01,0.01);(0,1);(-1,1);(-2,1);(-3,1);(-4,1);(-5,1);(-6,1);(-7,1);(-8,1);(-8,2);(-8,3);(-8,4);(-9,4);(-10,4);(-10,5);(-10,6);(-11,6)"
root;2;6;8;21;29;31;38;45;54;70;73;101;129;162;186;200;226,"(0.01,0.01);(0,1);(-1,1);(-2,1);(-3,1);(-4,1);(-5,1);(-6,1);(-7,1);(-8,1);(-8,2);(-8,3);(-8,4);(-9,4);(-10,4);(-10,5);(-10,6);(-9,6)"
root;2;6;8;21;29;31;38;45;54;70;73;101;129;162;186;200;227;249,"(0.01,0.01);(0,1);(-1,1);(-2,1);(-3,1);(-4,1);(-5,1);(-6,1);(-7,1);(-8,1);(-8,2);(-8,3);(-8,4);(-9,4);(-10,4);(-10,5);(-10,6);(-10,7);(-11,7)"
root;2;6;8;21;29;31;38;45;54;70;73;101;129;162;186;200;227;250,"(0.01,0.01);(0,1);(-1,1);(-2,1);(-3,1);(-4,1);(-5,1);(-6,1);(-7,1);(-8,1);(-8,2);(-8,3);(-8,4);(-9,4);(-10,4);(-10,5);(-10,6);(-10,7);(-9,7)"
root;2;6;8;21;29;31;38;45;54;70;73;101;129;162;186;200;227;251;282,"(0.01,0.01);(0,1);(-1,1);(-2,1);(-3,1);(-4,1);(-5,1);(-6,1);(-7,1);(-8,1);(-8,2);(-8,3);(-8,4);(-9,4);(-10,4);(-10,5);(-10,6);(-10,7);(-10,8);(-11,8)"
root;2;6;8;21;29;31;38;45;54;70;73;101;129;162;186;200;227;251;283,"(0.01,0.01);(0,1);(-1,1);(-2,1);(-3,1);(-4,1);(-5,1);(-6,1);(-7,1);(-8,1);(-8,2);(-8,3);(-8,4);(-9,4);(-10,4);(-10,5);(-10,6);(-10,7);(-10,8);(-9,8)"
root;2;6;8;21;29;31;38;45;54;70;73;101;129;162;186;200;227;251;284;304,"(0.01,0.01);(0,1);(-1,1);(-2,1);(-3,1);(-4,1);(-5,1);(-6,1);(-7,1);(-8,1);(-8,2);(-8,3);(-8,4);(-9,4);(-10,4);(-10,5);(-10,6);(-10,7);(-10,8);(-10,9);(-11,9)"
root;2;6;8;21;29;31;38;45;54;70;73;101;129;162;186;200;227;251;284;305,"(0.01,0.01);(0,1);(-1,1);(-2,1);(-3,1);(-4,1);(-5,1);(-6,1);(-7,1);(-8,1);(-8,2);(-8,3);(-8,4);(-9,4);(-10,4);(-10,5);(-10,6);(-10,7);(-10,8);(-10,9);(-9,9)"
root;2;6;8;21;29;31;38;45;54;70;73;101;129;162;186;200;227;251;284;306;324;338,"(0.01,0.01);(0,1);(-1,1);(-2,1);(-3,1);(-4,1);(-5,1);(-6,1);(-7,1);(-8,1);(-8,2);(-8,3);(-8,4);(-9,4);(-10,4);(-10,5);(-10,6);(-10,7);(-10,8);(-10,9);(-10,10);(-11,10);(-12,10)"
root;2;6;8;21;29;31;38;45;54;70;73;101;129;162;186;200;227;251;284;306;324;339,"(0.01,0.01);(0,1);(-1,1);(-2,1);(-3,1);(-4,1);(-5,1);(-6,1);(-7,1);(-8,1);(-8,2);(-8,3);(-8,4);(-9,4);(-10,4);(-10,5);(-10,6);(-10,7);(-10,8);(-10,9);(-10,10);(-11,10);(-11,11)"
root;2;6;8;21;29;31;38;45;54;70;73;101;129;162;186;200;227;251;284;306;325,"(0.01,0.01);(0,1);(-1,1);(-2,1);(-3,1);(-4,1);(-5,1);(-6,1);(-7,1);(-8,1);(-8,2);(-8,3);(-8,4);(-9,4);(-10,4);(-10,5);(-10,6);(-10,7);(-10,8);(-10,9);(-10,10);(-9,10)"
root;2;6;8;21;29;31;38;45;54;70;73;101;129;162;186;200;227;251;284;306;326,"(0.01,0.01);(0,1);(-1,1);(-2,1);(-3,1);(-4,1);(-5,1);(-6,1);(-7,1);(-8,1);(-8,2);(-8,3);(-8,4);(-9,4);(-10,4);(-10,5);(-10,6);(-10,7);(-10,8);(-10,9);(-10,10);(-10,11)"
root;2;6;8;21;29;31;38;45;54;70;73;101;129;163,"(0.01,0.01);(0,1);(-1,1);(-2,1);(-3,1);(-4,1);(-5,1);(-6,1);(-7,1);(-8,1);(-8,2);(-8,3);(-8,4);(-9,4);(-9,5)"
root;2;6;8;21;29;31;38;45;54;70;73;101;130,"(0.01,0.01);(0,1);(-1,1);(-2,1);(-3,1);(-4,1);(-5,1);(-6,1);(-7,1);(-8,1);(-8,2);(-8,3);(-8,4);(-8,5)"
root;2;6;8;21;29;31;38;45;54;71,"(0.01,0.01);(0,1);(-1,1);(-2,1);(-3,1);(-4,1);(-5,1);(-6,1);(-7,1);(-8,1);(-8,0)"
root;2;6;8;21;29;31;38;45;55,"(0.01,0.01);(0,1);(-1,1);(-2,1);(-3,1);(-4,1);(-5,1);(-6,1);(-7,1);(-7,2)"
root;2;6;8;21;29;31;38;45;56,"(0.01,0.01);(0,1);(-1,1);(-2,1);(-3,1);(-4,1);(-5,1);(-6,1);(-7,1);(-7,0)"
root;2;6;8;21;29;31;38;46,"(0.01,0.01);(0,1);(-1,1);(-2,1);(-3,1);(-4,1);(-5,1);(-6,1);(-6,2)"
root;2;6;8;21;29;31;39,"(0.01,0.01);(0,1);(-1,1);(-2,1);(-3,1);(-4,1);(-5,1);(-5,2)"
root;2;6;8;21;29;31;40;42;57;157,"(0.01,0.01);(0,1);(-1,1);(-2,1);(-3,1);(-4,1);(-5,1);(-5,0);(-6,0);(-6,-1);(-7,-1)"
root;2;6;8;21;29;31;40;42;57;158;208,"(0.01,0.01);(0,1);(-1,1);(-2,1);(-3,1);(-4,1);(-5,1);(-5,0);(-6,0);(-6,-1);(-6,-2);(-7,-2)"
root;2;6;8;21;29;31;40;42;57;158;209,"(0.01,0.01);(0,1);(-1,1);(-2,1);(-3,1);(-4,1);(-5,1);(-5,0);(-6,0);(-6,-1);(-6,-2);(-6,-3)"
root;2;6;8;21;29;31;40;43;132,"(0.01,0.01);(0,1);(-1,1);(-2,1);(-3,1);(-4,1);(-5,1);(-5,0);(-5,-1);(-5,-2)"
root;2;6;8;21;29;32;41;65;74,"(0.01,0.01);(0,1);(-1,1);(-2,1);(-3,1);(-4,1);(-4,2);(-4,3);(-5,3);(-6,3)"
root;2;6;8;21;29;32;41;65;75;87;102;131,"(0.01,0.01);(0,1);(-1,1);(-2,1);(-3,1);(-4,1);(-4,2);(-4,3);(-5,3);(-5,4);(-6,4);(-7,4);(-7,5)"
root;2;6;8;21;29;32;41;65;75;87;103;178;279,"(0.01,0.01);(0,1);(-1,1);(-2,1);(-3,1);(-4,1);(-4,2);(-4,3);(-5,3);(-5,4);(-6,4);(-6,5);(-6,6);(-7,6)"
root;2;6;8;21;29;32;41;65;75;87;103;178;280,"(0.01,0.01);(0,1);(-1,1);(-2,1);(-3,1);(-4,1);(-4,2);(-4,3);(-5,3);(-5,4);(-6,4);(-6,5);(-6,6);(-5,6)"
root;2;6;8;21;29;32;41;65;75;87;103;178;281,"(0.01,0.01);(0,1);(-1,1);(-2,1);(-3,1);(-4,1);(-4,2);(-4,3);(-5,3);(-5,4);(-6,4);(-6,5);(-6,6);(-6,7)"
root;2;6;8;21;29;32;41;65;75;88,"(0.01,0.01);(0,1);(-1,1);(-2,1);(-3,1);(-4,1);(-4,2);(-4,3);(-5,3);(-5,4);(-5,5)"
root;2;6;8;21;29;32;41;66;159;232,"(0.01,0.01);(0,1);(-1,1);(-2,1);(-3,1);(-4,1);(-4,2);(-4,3);(-4,4);(-4,5);(-3,5)"
root;2;6;8;21;29;32;41;66;159;233,"(0.01,0.01);(0,1);(-1,1);(-2,1);(-3,1);(-4,1);(-4,2);(-4,3);(-4,4);(-4,5);(-4,6)"
root;2;6;8;21;29;33;106;298,"(0.01,0.01);(0,1);(-1,1);(-2,1);(-3,1);(-4,1);(-4,0);(-4,-1);(-4,-2)"
root;2;6;8;21;30,"(0.01,0.01);(0,1);(-1,1);(-2,1);(-3,1);(-3,2)"
root;2;6;8;22,"(0.01,0.01);(0,1);(-1,1);(-2,1);(-2,2)"
root;2;6;8;23;24,"(0.01,0.01);(0,1);(-1,1);(-2,1);(-2,0);(-3,0)"
root;2;6;8;23;25;47,"(0.01,0.01);(0,1);(-1,1);(-2,1);(-2,0);(-2,-1);(-3,-1)"
root;2;6;8;23;25;48;67,"(0.01,0.01);(0,1);(-1,1);(-2,1);(-2,0);(-2,-1);(-2,-2);(-3,-2)"
root;2;6;8;23;25;48;68;82,"(0.01,0.01);(0,1);(-1,1);(-2,1);(-2,0);(-2,-1);(-2,-2);(-2,-3);(-3,-3)"
root;2;6;8;23;25;48;68;83,"(0.01,0.01);(0,1);(-1,1);(-2,1);(-2,0);(-2,-1);(-2,-2);(-2,-3);(-2,-4)"
root;2;6;9,"(0.01,0.01);(0,1);(-1,1);(-1,2)"
root;2;6;10;44;49;107,"(0.01,0.01);(0,1);(-1,1);(-1,0);(-1,-1);(0,-1);(1,-1)"
root;2;6;10;44;50;62,"(0.01,0.01);(0,1);(-1,1);(-1,0);(-1,-1);(-1,-2);(0,-2)"
root;2;6;10;44;50;63;78;97,"(0.01,0.01);(0,1);(-1,1);(-1,0);(-1,-1);(-1,-2);(-1,-3);(0,-3);(1,-3)"
root;2;6;10;44;50;63;79;92;125,"(0.01,0.01);(0,1);(-1,1);(-1,0);(-1,-1);(-1,-2);(-1,-3);(-1,-4);(0,-4);(1,-4)"
root;2;6;10;44;50;63;79;93;115,"(0.01,0.01);(0,1);(-1,1);(-1,0);(-1,-1);(-1,-2);(-1,-3);(-1,-4);(-1,-5);(-2,-5)"
root;2;6;10;44;50;63;79;93;116,"(0.01,0.01);(0,1);(-1,1);(-1,0);(-1,-1);(-1,-2);(-1,-3);(-1,-4);(-1,-5);(0,-5)"
root;2;6;10;44;50;63;79;93;117;140,"(0.01,0.01);(0,1);(-1,1);(-1,0);(-1,-1);(-1,-2);(-1,-3);(-1,-4);(-1,-5);(-1,-6);(-2,-6)"
root;2;6;10;44;50;63;79;93;117;141;155,"(0.01,0.01);(0,1);(-1,1);(-1,0);(-1,-1);(-1,-2);(-1,-3);(-1,-4);(-1,-5);(-1,-6);(0,-6);(1,-6)"
root;2;6;10;44;50;63;79;93;117;141;156;187,"(0.01,0.01);(0,1);(-1,1);(-1,0);(-1,-1);(-1,-2);(-1,-3);(-1,-4);(-1,-5);(-1,-6);(0,-6);(0,-7);(1,-7)"
root;2;6;10;44;50;63;79;93;117;141;156;188;217,"(0.01,0.01);(0,1);(-1,1);(-1,0);(-1,-1);(-1,-2);(-1,-3);(-1,-4);(-1,-5);(-1,-6);(0,-6);(0,-7);(0,-8);(1,-8)"
root;2;6;10;44;50;63;79;93;117;141;156;188;218;261,"(0.01,0.01);(0,1);(-1,1);(-1,0);(-1,-1);(-1,-2);(-1,-3);(-1,-4);(-1,-5);(-1,-6);(0,-6);(0,-7);(0,-8);(0,-9);(-1,-9)"
root;2;6;10;44;50;63;79;93;117;141;156;188;218;262,"(0.01,0.01);(0,1);(-1,1);(-1,0);(-1,-1);(-1,-2);(-1,-3);(-1,-4);(-1,-5);(-1,-6);(0,-6);(0,-7);(0,-8);(0,-9);(1,-9)"
root;2;6;10;44;50;63;79;93;117;141;156;188;218;263,"(0.01,0.01);(0,1);(-1,1);(-1,0);(-1,-1);(-1,-2);(-1,-3);(-1,-4);(-1,-5);(-1,-6);(0,-6);(0,-7);(0,-8);(0,-9);(0,-10)"
root;2;6;10;44;50;63;79;93;117;142;160;191,"(0.01,0.01);(0,1);(-1,1);(-1,0);(-1,-1);(-1,-2);(-1,-3);(-1,-4);(-1,-5);(-1,-6);(-1,-7);(-2,-7);(-3,-7)"
root;2;6;10;44;50;63;79;93;117;142;160;192;213,"(0.01,0.01);(0,1);(-1,1);(-1,0);(-1,-1);(-1,-2);(-1,-3);(-1,-4);(-1,-5);(-1,-6);(-1,-7);(-2,-7);(-2,-8);(-3,-8)"
root;2;6;10;44;50;63;79;93;117;142;160;192;214;264,"(0.01,0.01);(0,1);(-1,1);(-1,0);(-1,-1);(-1,-2);(-1,-3);(-1,-4);(-1,-5);(-1,-6);(-1,-7);(-2,-7);(-2,-8);(-2,-9);(-3,-9)"
root;2;6;10;44;50;63;79;93;117;142;160;192;214;265,"(0.01,0.01);(0,1);(-1,1);(-1,0);(-1,-1);(-1,-2);(-1,-3);(-1,-4);(-1,-5);(-1,-6);(-1,-7);(-2,-7);(-2,-8);(-2,-9);(-2,-10)"
root;2;6;10;44;50;63;79;93;117;142;161,"(0.01,0.01);(0,1);(-1,1);(-1,0);(-1,-1);(-1,-2);(-1,-3);(-1,-4);(-1,-5);(-1,-6);(-1,-7);(-1,-8)"
root;2;7;11;12;58;60,"(0.01,0.01);(0,1);(0,2);(0,3);(-1,3);(-2,3);(-3,3)"
root;2;7;11;12;58;61;118,"(0.01,0.01);(0,1);(0,2);(0,3);(-1,3);(-2,3);(-2,4);(-3,4)"
root;2;7;11;12;58;61;119,"(0.01,0.01);(0,1);(0,2);(0,3);(-1,3);(-2,3);(-2,4);(-2,5)"
root;2;7;11;12;59,"(0.01,0.01);(0,1);(0,2);(0,3);(-1,3);(-1,4)"
root;2;7;11;13,"(0.01,0.01);(0,1);(0,2);(0,3);(1,3)"
root;2;7;11;14;285,"(0.01,0.01);(0,1);(0,2);(0,3);(0,4);(0,5)"
root;3,"(0.01,0.01);(0,0)"
